timestamp,participant_ID,experimenter_ID_code,experimenter_ASGS_total_score,laboratory_ID_code,sitePI_ASGS_total_score,session_type,consent_screen_answer,refused_to_answer_sexual_orientation_question,age,sex,final_consent,ESP_Q_item_1,ESP_Q_item_2,ESP_Q_item_3,SS_Q_item_1,SS_Q_item_2,trial_number,guessed_side,target_side,reward_type,sides_match,trial_type,available_trial_type,in_lab
"23cbca5c801ea84c79e1ca01092d3d4a571637a3e8e2d6fc9bf5fb0a666edfb9 Mozilla/5.0 (Windows NT 10.0; Win64; x64) AppleWebKit/537.36 (KHTML, like Gecko) Chrome/104.0.0.0 Safari/537.36",cfd7fd1b-b5b1-4de9-8c3f-5b05588772b6,b4ddf1fa1aa4b5153dedae5fc44b21ad6a854dccacd4436742dda1013138dc13,5,f3406f8fb79141d578bfdbaa385bdba78aed8bc61c54685a2276e7f172ee58db,5,online,yes,no,60+,Female,yes,Definitely does,Don't know,"No, never",between true and untrue,very untrue,NA,NA,NA,NA,NA,NA,1,0
648e7d78ca29ea2d95c6b8888e30bd9e8594fb102f31275a5113145406966027 Mozilla/5.0 (Windows NT 10.0; Win64; x64; rv:103.0) Gecko/20100101 Firefox/103.0,3f40e8fc-12ad-4a9c-86a3-0b69b0420ef9,b4ddf1fa1aa4b5153dedae5fc44b21ad6a854dccacd4436742dda1013138dc13,5,f3406f8fb79141d578bfdbaa385bdba78aed8bc61c54685a2276e7f172ee58db,5,online,yes,no,30-44,Female,yes,Don’t know,Probably yes,Only a few times,between true and untrue,very untrue,1,right,right,erotic,true,t,1,0
6b9eb45a516256dead91cbc7e1bfee90aa4241f566c29afe6d65ad8454a351f9 Mozilla/5.0 (Windows NT 10.0; Win64; x64; rv:103.0) Gecko/20100101 Firefox/103.0,3f40e8fc-12ad-4a9c-86a3-0b69b0420ef9,b4ddf1fa1aa4b5153dedae5fc44b21ad6a854dccacd4436742dda1013138dc13,5,f3406f8fb79141d578bfdbaa385bdba78aed8bc61c54685a2276e7f172ee58db,5,online,yes,no,30-44,Female,yes,Don’t know,Probably yes,Only a few times,between true and untrue,very untrue,2,left,right,neutral,false,t,1,0
78f97c45ae74b40e7019bdbe01fa285bfb1b9837d1ee4240c068fb883e49ca0e Mozilla/5.0 (Windows NT 10.0; Win64; x64; rv:103.0) Gecko/20100101 Firefox/103.0,3f40e8fc-12ad-4a9c-86a3-0b69b0420ef9,b4ddf1fa1aa4b5153dedae5fc44b21ad6a854dccacd4436742dda1013138dc13,5,f3406f8fb79141d578bfdbaa385bdba78aed8bc61c54685a2276e7f172ee58db,5,online,yes,no,30-44,Female,yes,Don’t know,Probably yes,Only a few times,between true and untrue,very untrue,3,left,left,neutral,true,t,1,0
d2f88c418fe3e00ed822bbea89c74716f0c74e10023319eefea7ceb05807b0c5 Mozilla/5.0 (Windows NT 10.0; Win64; x64; rv:103.0) Gecko/20100101 Firefox/103.0,3f40e8fc-12ad-4a9c-86a3-0b69b0420ef9,b4ddf1fa1aa4b5153dedae5fc44b21ad6a854dccacd4436742dda1013138dc13,5,f3406f8fb79141d578bfdbaa385bdba78aed8bc61c54685a2276e7f172ee58db,5,online,yes,no,30-44,Female,yes,Don’t know,Probably yes,Only a few times,between true and untrue,very untrue,4,left,right,erotic,false,t,1,0
eb8b162807a04e3113738d3a3181fb7c4fcf292bafa090b266b2394e353a1270 Mozilla/5.0 (Windows NT 10.0; Win64; x64; rv:103.0) Gecko/20100101 Firefox/103.0,3f40e8fc-12ad-4a9c-86a3-0b69b0420ef9,b4ddf1fa1aa4b5153dedae5fc44b21ad6a854dccacd4436742dda1013138dc13,5,f3406f8fb79141d578bfdbaa385bdba78aed8bc61c54685a2276e7f172ee58db,5,online,yes,no,30-44,Female,yes,Don’t know,Probably yes,Only a few times,between true and untrue,very untrue,5,left,right,neutral,false,t,1,0
3c6188920c61246e89e2cf3afe9f6a2874367425c7e4c62c0ac8d3be9cf05540 Mozilla/5.0 (Windows NT 10.0; Win64; x64; rv:103.0) Gecko/20100101 Firefox/103.0,3f40e8fc-12ad-4a9c-86a3-0b69b0420ef9,b4ddf1fa1aa4b5153dedae5fc44b21ad6a854dccacd4436742dda1013138dc13,5,f3406f8fb79141d578bfdbaa385bdba78aed8bc61c54685a2276e7f172ee58db,5,online,yes,no,30-44,Female,yes,Don’t know,Probably yes,Only a few times,between true and untrue,very untrue,6,right,right,neutral,true,t,1,0
774ca60dc6cfea1044b29ede08f5aad20c2f99dbb54534d9eef668062039e364 Mozilla/5.0 (Windows NT 10.0; Win64; x64; rv:103.0) Gecko/20100101 Firefox/103.0,3f40e8fc-12ad-4a9c-86a3-0b69b0420ef9,b4ddf1fa1aa4b5153dedae5fc44b21ad6a854dccacd4436742dda1013138dc13,5,f3406f8fb79141d578bfdbaa385bdba78aed8bc61c54685a2276e7f172ee58db,5,online,yes,no,30-44,Female,yes,Don’t know,Probably yes,Only a few times,between true and untrue,very untrue,7,right,left,erotic,false,t,1,0
4c9b1da20e325fb82981555b7d5153e3608db78054e35e87933b7c9158818ac0 Mozilla/5.0 (Windows NT 10.0; Win64; x64; rv:103.0) Gecko/20100101 Firefox/103.0,3f40e8fc-12ad-4a9c-86a3-0b69b0420ef9,b4ddf1fa1aa4b5153dedae5fc44b21ad6a854dccacd4436742dda1013138dc13,5,f3406f8fb79141d578bfdbaa385bdba78aed8bc61c54685a2276e7f172ee58db,5,online,yes,no,30-44,Female,yes,Don’t know,Probably yes,Only a few times,between true and untrue,very untrue,8,right,right,neutral,true,t,1,0
15c54d1a8f2b78b0034912d7818bdbc6ddbd6c1a56a7de313cf37f277f9be823 Mozilla/5.0 (Windows NT 10.0; Win64; x64; rv:103.0) Gecko/20100101 Firefox/103.0,3f40e8fc-12ad-4a9c-86a3-0b69b0420ef9,b4ddf1fa1aa4b5153dedae5fc44b21ad6a854dccacd4436742dda1013138dc13,5,f3406f8fb79141d578bfdbaa385bdba78aed8bc61c54685a2276e7f172ee58db,5,online,yes,no,30-44,Female,yes,Don’t know,Probably yes,Only a few times,between true and untrue,very untrue,9,left,left,erotic,true,t,1,0
"4fedd832d022b80af9cc12b22603dbb811755d78a8492284fc9865576dea668d Mozilla/5.0 (X11; Linux x86_64) AppleWebKit/537.36 (KHTML, like Gecko) Chrome/99.0.4844.58 Safari/537.36",52abebb0-c9cd-44c8-87dd-1496ff9e6572,b4ddf1fa1aa4b5153dedae5fc44b21ad6a854dccacd4436742dda1013138dc13,5,f3406f8fb79141d578bfdbaa385bdba78aed8bc61c54685a2276e7f172ee58db,5,online,yes,no,18-29,Male,NA,NA,NA,NA,NA,NA,NA,NA,NA,NA,NA,NA,1,0
e16179f16b55874563e47e2a4d4cc777848ee0bd959c841aa97c215edc83e572 Mozilla/5.0 (Windows NT 10.0; Win64; x64; rv:103.0) Gecko/20100101 Firefox/103.0,3f40e8fc-12ad-4a9c-86a3-0b69b0420ef9,b4ddf1fa1aa4b5153dedae5fc44b21ad6a854dccacd4436742dda1013138dc13,5,f3406f8fb79141d578bfdbaa385bdba78aed8bc61c54685a2276e7f172ee58db,5,online,yes,no,30-44,Female,yes,Don’t know,Probably yes,Only a few times,between true and untrue,very untrue,10,left,left,erotic,true,t,1,0
05f5381285805e0d4807887919a2f0b52527f4a095b38e8a1457859a4fb39055 Mozilla/5.0 (Windows NT 10.0; Win64; x64; rv:103.0) Gecko/20100101 Firefox/103.0,3f40e8fc-12ad-4a9c-86a3-0b69b0420ef9,b4ddf1fa1aa4b5153dedae5fc44b21ad6a854dccacd4436742dda1013138dc13,5,f3406f8fb79141d578bfdbaa385bdba78aed8bc61c54685a2276e7f172ee58db,5,online,yes,no,30-44,Female,yes,Don’t know,Probably yes,Only a few times,between true and untrue,very untrue,11,right,left,neutral,false,t,1,0
4943e8d37788e3344189c5b1024a20a8d936884cde097b828904297a8151ab4f Mozilla/5.0 (Windows NT 10.0; Win64; x64; rv:103.0) Gecko/20100101 Firefox/103.0,3f40e8fc-12ad-4a9c-86a3-0b69b0420ef9,b4ddf1fa1aa4b5153dedae5fc44b21ad6a854dccacd4436742dda1013138dc13,5,f3406f8fb79141d578bfdbaa385bdba78aed8bc61c54685a2276e7f172ee58db,5,online,yes,no,30-44,Female,yes,Don’t know,Probably yes,Only a few times,between true and untrue,very untrue,12,right,right,erotic,true,t,1,0
03376b82e8c55c51a9508bc46f6384461ebd7f1b45e63ce8ca7fbfb0bcc53934 Mozilla/5.0 (Windows NT 10.0; Win64; x64; rv:103.0) Gecko/20100101 Firefox/103.0,3f40e8fc-12ad-4a9c-86a3-0b69b0420ef9,b4ddf1fa1aa4b5153dedae5fc44b21ad6a854dccacd4436742dda1013138dc13,5,f3406f8fb79141d578bfdbaa385bdba78aed8bc61c54685a2276e7f172ee58db,5,online,yes,no,30-44,Female,yes,Don’t know,Probably yes,Only a few times,between true and untrue,very untrue,13,left,right,neutral,false,t,1,0
0851be99a793bc84d80ee0f3d19ab8f038e89649198e410b699002be3ec9e69b Mozilla/5.0 (Windows NT 10.0; Win64; x64; rv:103.0) Gecko/20100101 Firefox/103.0,3f40e8fc-12ad-4a9c-86a3-0b69b0420ef9,b4ddf1fa1aa4b5153dedae5fc44b21ad6a854dccacd4436742dda1013138dc13,5,f3406f8fb79141d578bfdbaa385bdba78aed8bc61c54685a2276e7f172ee58db,5,online,yes,no,30-44,Female,yes,Don’t know,Probably yes,Only a few times,between true and untrue,very untrue,14,left,right,neutral,false,t,1,0
a50538a72871700c59ab5e4cce42ddc0f61708222e44d87c23c42d94fadb62e6 Mozilla/5.0 (Windows NT 10.0; Win64; x64; rv:103.0) Gecko/20100101 Firefox/103.0,3f40e8fc-12ad-4a9c-86a3-0b69b0420ef9,b4ddf1fa1aa4b5153dedae5fc44b21ad6a854dccacd4436742dda1013138dc13,5,f3406f8fb79141d578bfdbaa385bdba78aed8bc61c54685a2276e7f172ee58db,5,online,yes,no,30-44,Female,yes,Don’t know,Probably yes,Only a few times,between true and untrue,very untrue,15,left,right,neutral,false,t,1,0
d8ff6ee49c22a2154179782ceee63c744f9b51ffb220e1a59465bd349588c7c7 Mozilla/5.0 (Windows NT 10.0; Win64; x64; rv:103.0) Gecko/20100101 Firefox/103.0,3f40e8fc-12ad-4a9c-86a3-0b69b0420ef9,b4ddf1fa1aa4b5153dedae5fc44b21ad6a854dccacd4436742dda1013138dc13,5,f3406f8fb79141d578bfdbaa385bdba78aed8bc61c54685a2276e7f172ee58db,5,online,yes,no,30-44,Female,yes,Don’t know,Probably yes,Only a few times,between true and untrue,very untrue,16,right,right,erotic,true,t,1,0
31dd3b3e2013c90b85730b1b5d12cd63f308ead53ceca077272717e36714f2d3 Mozilla/5.0 (Windows NT 10.0; Win64; x64; rv:103.0) Gecko/20100101 Firefox/103.0,3f40e8fc-12ad-4a9c-86a3-0b69b0420ef9,b4ddf1fa1aa4b5153dedae5fc44b21ad6a854dccacd4436742dda1013138dc13,5,f3406f8fb79141d578bfdbaa385bdba78aed8bc61c54685a2276e7f172ee58db,5,online,yes,no,30-44,Female,yes,Don’t know,Probably yes,Only a few times,between true and untrue,very untrue,17,right,left,erotic,false,t,1,0
f443aeb282e3d2f2d3aac8573392d0b2cfec0feb71c766451062fecefe3905b4 Mozilla/5.0 (Windows NT 10.0; Win64; x64; rv:103.0) Gecko/20100101 Firefox/103.0,3f40e8fc-12ad-4a9c-86a3-0b69b0420ef9,b4ddf1fa1aa4b5153dedae5fc44b21ad6a854dccacd4436742dda1013138dc13,5,f3406f8fb79141d578bfdbaa385bdba78aed8bc61c54685a2276e7f172ee58db,5,online,yes,no,30-44,Female,yes,Don’t know,Probably yes,Only a few times,between true and untrue,very untrue,18,left,right,erotic,false,t,1,0
717a9ff495c0e1f8377a56a57bc8901d7710500decf96fc9e8355174d3f0d095 Mozilla/5.0 (Windows NT 10.0; Win64; x64; rv:103.0) Gecko/20100101 Firefox/103.0,3f40e8fc-12ad-4a9c-86a3-0b69b0420ef9,b4ddf1fa1aa4b5153dedae5fc44b21ad6a854dccacd4436742dda1013138dc13,5,f3406f8fb79141d578bfdbaa385bdba78aed8bc61c54685a2276e7f172ee58db,5,online,yes,no,30-44,Female,yes,Don’t know,Probably yes,Only a few times,between true and untrue,very untrue,19,right,left,neutral,false,t,1,0
db67c6fe6449db10eed6a55cf609628dd7ae3ac25e581a11e277dd548c9146d5 Mozilla/5.0 (Windows NT 10.0; Win64; x64; rv:103.0) Gecko/20100101 Firefox/103.0,3f40e8fc-12ad-4a9c-86a3-0b69b0420ef9,b4ddf1fa1aa4b5153dedae5fc44b21ad6a854dccacd4436742dda1013138dc13,5,f3406f8fb79141d578bfdbaa385bdba78aed8bc61c54685a2276e7f172ee58db,5,online,yes,no,30-44,Female,yes,Don’t know,Probably yes,Only a few times,between true and untrue,very untrue,20,right,left,neutral,false,t,1,0
97c1ffb7a52b55e8064799711e69818435176b96cb60c4cb3b27f2cfb942be1e Mozilla/5.0 (Windows NT 10.0; Win64; x64; rv:103.0) Gecko/20100101 Firefox/103.0,3f40e8fc-12ad-4a9c-86a3-0b69b0420ef9,b4ddf1fa1aa4b5153dedae5fc44b21ad6a854dccacd4436742dda1013138dc13,5,f3406f8fb79141d578bfdbaa385bdba78aed8bc61c54685a2276e7f172ee58db,5,online,yes,no,30-44,Female,yes,Don’t know,Probably yes,Only a few times,between true and untrue,very untrue,21,left,right,erotic,false,t,1,0
2653b672e37530e5d06ab90fb5af9eefa20edcc9631b330a665345f81eab9fdc Mozilla/5.0 (Windows NT 10.0; Win64; x64; rv:103.0) Gecko/20100101 Firefox/103.0,3f40e8fc-12ad-4a9c-86a3-0b69b0420ef9,b4ddf1fa1aa4b5153dedae5fc44b21ad6a854dccacd4436742dda1013138dc13,5,f3406f8fb79141d578bfdbaa385bdba78aed8bc61c54685a2276e7f172ee58db,5,online,yes,no,30-44,Female,yes,Don’t know,Probably yes,Only a few times,between true and untrue,very untrue,22,left,left,erotic,true,t,1,0
4c51783c0afd2d4e14937de02d7d4d08514dcea140a09fa012f93a832ce74884 Mozilla/5.0 (Windows NT 10.0; Win64; x64; rv:103.0) Gecko/20100101 Firefox/103.0,3f40e8fc-12ad-4a9c-86a3-0b69b0420ef9,b4ddf1fa1aa4b5153dedae5fc44b21ad6a854dccacd4436742dda1013138dc13,5,f3406f8fb79141d578bfdbaa385bdba78aed8bc61c54685a2276e7f172ee58db,5,online,yes,no,30-44,Female,yes,Don’t know,Probably yes,Only a few times,between true and untrue,very untrue,23,right,left,erotic,false,t,1,0
4baeb8ebc390d6e1cbc6238153ed1b181db5394292492a5642115f6232e608b4 Mozilla/5.0 (Windows NT 10.0; Win64; x64; rv:103.0) Gecko/20100101 Firefox/103.0,3f40e8fc-12ad-4a9c-86a3-0b69b0420ef9,b4ddf1fa1aa4b5153dedae5fc44b21ad6a854dccacd4436742dda1013138dc13,5,f3406f8fb79141d578bfdbaa385bdba78aed8bc61c54685a2276e7f172ee58db,5,online,yes,no,30-44,Female,yes,Don’t know,Probably yes,Only a few times,between true and untrue,very untrue,24,right,left,neutral,false,t,1,0
96bb7dfa7ca9a88c168cfe30b54cdbadd0d3a9ab84d0a3c6ab59742c14d300c2 Mozilla/5.0 (Windows NT 10.0; Win64; x64; rv:103.0) Gecko/20100101 Firefox/103.0,3f40e8fc-12ad-4a9c-86a3-0b69b0420ef9,b4ddf1fa1aa4b5153dedae5fc44b21ad6a854dccacd4436742dda1013138dc13,5,f3406f8fb79141d578bfdbaa385bdba78aed8bc61c54685a2276e7f172ee58db,5,online,yes,no,30-44,Female,yes,Don’t know,Probably yes,Only a few times,between true and untrue,very untrue,25,right,right,erotic,true,t,1,0
cce0c78a2415afda01bcc8c61a9810f1e4744a4a872acd14ff957ab09ce1e899 Mozilla/5.0 (Windows NT 10.0; Win64; x64; rv:103.0) Gecko/20100101 Firefox/103.0,3f40e8fc-12ad-4a9c-86a3-0b69b0420ef9,b4ddf1fa1aa4b5153dedae5fc44b21ad6a854dccacd4436742dda1013138dc13,5,f3406f8fb79141d578bfdbaa385bdba78aed8bc61c54685a2276e7f172ee58db,5,online,yes,no,30-44,Female,yes,Don’t know,Probably yes,Only a few times,between true and untrue,very untrue,26,left,right,neutral,false,t,1,0
5dfd7b4c6a18c1cad3974650a4c89779e3531251b629143fc81aeeab854fa899 Mozilla/5.0 (Windows NT 10.0; Win64; x64; rv:103.0) Gecko/20100101 Firefox/103.0,3f40e8fc-12ad-4a9c-86a3-0b69b0420ef9,b4ddf1fa1aa4b5153dedae5fc44b21ad6a854dccacd4436742dda1013138dc13,5,f3406f8fb79141d578bfdbaa385bdba78aed8bc61c54685a2276e7f172ee58db,5,online,yes,no,30-44,Female,yes,Don’t know,Probably yes,Only a few times,between true and untrue,very untrue,27,left,right,neutral,false,t,1,0
65ccd9809b0317e25cb3b6ae69752d2643a89c6cbf62445de9364761b44473b5 Mozilla/5.0 (Windows NT 10.0; Win64; x64; rv:103.0) Gecko/20100101 Firefox/103.0,3f40e8fc-12ad-4a9c-86a3-0b69b0420ef9,b4ddf1fa1aa4b5153dedae5fc44b21ad6a854dccacd4436742dda1013138dc13,5,f3406f8fb79141d578bfdbaa385bdba78aed8bc61c54685a2276e7f172ee58db,5,online,yes,no,30-44,Female,yes,Don’t know,Probably yes,Only a few times,between true and untrue,very untrue,28,right,right,neutral,true,t,1,0
874ecbca3cbfea4edb1196fee4d43edefc7d98c58639b02f726e300af5080a7f Mozilla/5.0 (Windows NT 10.0; Win64; x64; rv:103.0) Gecko/20100101 Firefox/103.0,3f40e8fc-12ad-4a9c-86a3-0b69b0420ef9,b4ddf1fa1aa4b5153dedae5fc44b21ad6a854dccacd4436742dda1013138dc13,5,f3406f8fb79141d578bfdbaa385bdba78aed8bc61c54685a2276e7f172ee58db,5,online,yes,no,30-44,Female,yes,Don’t know,Probably yes,Only a few times,between true and untrue,very untrue,29,right,left,erotic,false,t,1,0
7edd8fb5e778d62b12d1996b34d5c974ce14fe7673f5ceb9eed2bc321116fe6b Mozilla/5.0 (Windows NT 10.0; Win64; x64; rv:103.0) Gecko/20100101 Firefox/103.0,3f40e8fc-12ad-4a9c-86a3-0b69b0420ef9,b4ddf1fa1aa4b5153dedae5fc44b21ad6a854dccacd4436742dda1013138dc13,5,f3406f8fb79141d578bfdbaa385bdba78aed8bc61c54685a2276e7f172ee58db,5,online,yes,no,30-44,Female,yes,Don’t know,Probably yes,Only a few times,between true and untrue,very untrue,30,left,left,erotic,true,t,1,0
ffbc61b0f923e235306068cf5450d8d586c6386ed62db4f8a32ed4d5151de3ce Mozilla/5.0 (Windows NT 10.0; Win64; x64; rv:103.0) Gecko/20100101 Firefox/103.0,3f40e8fc-12ad-4a9c-86a3-0b69b0420ef9,b4ddf1fa1aa4b5153dedae5fc44b21ad6a854dccacd4436742dda1013138dc13,5,f3406f8fb79141d578bfdbaa385bdba78aed8bc61c54685a2276e7f172ee58db,5,online,yes,no,30-44,Female,yes,Don’t know,Probably yes,Only a few times,between true and untrue,very untrue,31,left,left,neutral,true,t,1,0
fbda53de42fe3edac212edf0aeefa1b11b64091ea409888be3e884c9f830a290 Mozilla/5.0 (Windows NT 10.0; Win64; x64; rv:103.0) Gecko/20100101 Firefox/103.0,3f40e8fc-12ad-4a9c-86a3-0b69b0420ef9,b4ddf1fa1aa4b5153dedae5fc44b21ad6a854dccacd4436742dda1013138dc13,5,f3406f8fb79141d578bfdbaa385bdba78aed8bc61c54685a2276e7f172ee58db,5,online,yes,no,30-44,Female,yes,Don’t know,Probably yes,Only a few times,between true and untrue,very untrue,32,right,right,erotic,true,t,1,0
69d1e2351f0cec86baba7dc2ce58df778de34bf44e7f00b2a428bc76d90dd961 Mozilla/5.0 (Windows NT 10.0; Win64; x64; rv:103.0) Gecko/20100101 Firefox/103.0,3f40e8fc-12ad-4a9c-86a3-0b69b0420ef9,b4ddf1fa1aa4b5153dedae5fc44b21ad6a854dccacd4436742dda1013138dc13,5,f3406f8fb79141d578bfdbaa385bdba78aed8bc61c54685a2276e7f172ee58db,5,online,yes,no,30-44,Female,yes,Don’t know,Probably yes,Only a few times,between true and untrue,very untrue,33,right,right,erotic,true,t,1,0
44f5464d84aa3c86761346aa479282c15189c31a57db24e4155d55f0523a3d98 Mozilla/5.0 (Windows NT 10.0; Win64; x64; rv:103.0) Gecko/20100101 Firefox/103.0,3f40e8fc-12ad-4a9c-86a3-0b69b0420ef9,b4ddf1fa1aa4b5153dedae5fc44b21ad6a854dccacd4436742dda1013138dc13,5,f3406f8fb79141d578bfdbaa385bdba78aed8bc61c54685a2276e7f172ee58db,5,online,yes,no,30-44,Female,yes,Don’t know,Probably yes,Only a few times,between true and untrue,very untrue,34,left,right,neutral,false,t,1,0
34eb7c83cb7e9f389f9fae90a819da5998c3b47df63d8049d52dd5d018069d95 Mozilla/5.0 (Windows NT 10.0; Win64; x64; rv:103.0) Gecko/20100101 Firefox/103.0,3f40e8fc-12ad-4a9c-86a3-0b69b0420ef9,b4ddf1fa1aa4b5153dedae5fc44b21ad6a854dccacd4436742dda1013138dc13,5,f3406f8fb79141d578bfdbaa385bdba78aed8bc61c54685a2276e7f172ee58db,5,online,yes,no,30-44,Female,yes,Don’t know,Probably yes,Only a few times,between true and untrue,very untrue,35,right,left,erotic,false,t,1,0
9efec9b39dc63ea7c0bd7b18c92afcce6b5e478449293ba7543a25e82389234b Mozilla/5.0 (Windows NT 10.0; Win64; x64; rv:103.0) Gecko/20100101 Firefox/103.0,3f40e8fc-12ad-4a9c-86a3-0b69b0420ef9,b4ddf1fa1aa4b5153dedae5fc44b21ad6a854dccacd4436742dda1013138dc13,5,f3406f8fb79141d578bfdbaa385bdba78aed8bc61c54685a2276e7f172ee58db,5,online,yes,no,30-44,Female,yes,Don’t know,Probably yes,Only a few times,between true and untrue,very untrue,36,right,right,neutral,true,t,1,0
"5098f0ddd2705addcbd6c2301964a44cfa552b8877ed65381208eaa14dbd47fb Mozilla/5.0 (Windows NT 10.0; Win64; x64) AppleWebKit/537.36 (KHTML, like Gecko) Chrome/104.0.0.0 Safari/537.36",cfd7fd1b-b5b1-4de9-8c3f-5b05588772b6,b4ddf1fa1aa4b5153dedae5fc44b21ad6a854dccacd4436742dda1013138dc13,5,f3406f8fb79141d578bfdbaa385bdba78aed8bc61c54685a2276e7f172ee58db,5,online,yes,no,60+,Female,yes,Definitely does,Don't know,"No, never",between true and untrue,very untrue,1,right,left,neutral,false,t,1,0
"14487fad626478a5248802bef3b56ccde45dcea6c7548e930d2e6949fd3d7401 Mozilla/5.0 (Windows NT 10.0; Win64; x64) AppleWebKit/537.36 (KHTML, like Gecko) Chrome/104.0.0.0 Safari/537.36",cfd7fd1b-b5b1-4de9-8c3f-5b05588772b6,b4ddf1fa1aa4b5153dedae5fc44b21ad6a854dccacd4436742dda1013138dc13,5,f3406f8fb79141d578bfdbaa385bdba78aed8bc61c54685a2276e7f172ee58db,5,online,yes,no,60+,Female,yes,Definitely does,Don't know,"No, never",between true and untrue,very untrue,2,right,left,neutral,false,t,1,0
"3ac89d83a5389fee42dfab411640a3c0f4d5b53d267c46b44ca008294bd8d332 Mozilla/5.0 (Windows NT 10.0; Win64; x64) AppleWebKit/537.36 (KHTML, like Gecko) Chrome/104.0.0.0 Safari/537.36",cfd7fd1b-b5b1-4de9-8c3f-5b05588772b6,b4ddf1fa1aa4b5153dedae5fc44b21ad6a854dccacd4436742dda1013138dc13,5,f3406f8fb79141d578bfdbaa385bdba78aed8bc61c54685a2276e7f172ee58db,5,online,yes,no,60+,Female,yes,Definitely does,Don't know,"No, never",between true and untrue,very untrue,3,right,left,erotic,false,t,1,0
"c827f8a8d47edf062a1e9eeeb786b267a42f82d3cde734c53f47a815667cde3d Mozilla/5.0 (Windows NT 10.0; Win64; x64) AppleWebKit/537.36 (KHTML, like Gecko) Chrome/104.0.0.0 Safari/537.36",cfd7fd1b-b5b1-4de9-8c3f-5b05588772b6,b4ddf1fa1aa4b5153dedae5fc44b21ad6a854dccacd4436742dda1013138dc13,5,f3406f8fb79141d578bfdbaa385bdba78aed8bc61c54685a2276e7f172ee58db,5,online,yes,no,60+,Female,yes,Definitely does,Don't know,"No, never",between true and untrue,very untrue,4,left,left,erotic,true,t,1,0
"e19f9d148ff6265a2db5cb36268f0611f08366a59f32fa952dad005b6eb71015 Mozilla/5.0 (Windows NT 10.0; Win64; x64) AppleWebKit/537.36 (KHTML, like Gecko) Chrome/104.0.0.0 Safari/537.36",cfd7fd1b-b5b1-4de9-8c3f-5b05588772b6,b4ddf1fa1aa4b5153dedae5fc44b21ad6a854dccacd4436742dda1013138dc13,5,f3406f8fb79141d578bfdbaa385bdba78aed8bc61c54685a2276e7f172ee58db,5,online,yes,no,60+,Female,yes,Definitely does,Don't know,"No, never",between true and untrue,very untrue,5,right,left,erotic,false,t,1,0
"712c5fdcc994a564c5e97a013dcfea068e4edde294752a801d7bff5f0d06458a Mozilla/5.0 (Windows NT 10.0; Win64; x64) AppleWebKit/537.36 (KHTML, like Gecko) Chrome/104.0.0.0 Safari/537.36",cfd7fd1b-b5b1-4de9-8c3f-5b05588772b6,b4ddf1fa1aa4b5153dedae5fc44b21ad6a854dccacd4436742dda1013138dc13,5,f3406f8fb79141d578bfdbaa385bdba78aed8bc61c54685a2276e7f172ee58db,5,online,yes,no,60+,Female,yes,Definitely does,Don't know,"No, never",between true and untrue,very untrue,6,left,left,neutral,true,t,1,0
"826ef060aebadb0a1d2c7e630ebe12ba0b8d8c41f8e0f570773fa33c0c1a0479 Mozilla/5.0 (Windows NT 10.0; Win64; x64) AppleWebKit/537.36 (KHTML, like Gecko) Chrome/104.0.0.0 Safari/537.36",cfd7fd1b-b5b1-4de9-8c3f-5b05588772b6,b4ddf1fa1aa4b5153dedae5fc44b21ad6a854dccacd4436742dda1013138dc13,5,f3406f8fb79141d578bfdbaa385bdba78aed8bc61c54685a2276e7f172ee58db,5,online,yes,no,60+,Female,yes,Definitely does,Don't know,"No, never",between true and untrue,very untrue,7,left,left,neutral,true,t,1,0
"153cd655e1b0e6936024a5db57e33374d2c469bde25272d27f648e20a51b1df8 Mozilla/5.0 (Windows NT 10.0; Win64; x64) AppleWebKit/537.36 (KHTML, like Gecko) Chrome/104.0.0.0 Safari/537.36",cfd7fd1b-b5b1-4de9-8c3f-5b05588772b6,b4ddf1fa1aa4b5153dedae5fc44b21ad6a854dccacd4436742dda1013138dc13,5,f3406f8fb79141d578bfdbaa385bdba78aed8bc61c54685a2276e7f172ee58db,5,online,yes,no,60+,Female,yes,Definitely does,Don't know,"No, never",between true and untrue,very untrue,8,left,left,erotic,true,t,1,0
"fadb0d7373ba54756443a5f2406516d82fe75dd5d14034150c436309bda6c05c Mozilla/5.0 (Windows NT 10.0; Win64; x64) AppleWebKit/537.36 (KHTML, like Gecko) Chrome/104.0.0.0 Safari/537.36",cfd7fd1b-b5b1-4de9-8c3f-5b05588772b6,b4ddf1fa1aa4b5153dedae5fc44b21ad6a854dccacd4436742dda1013138dc13,5,f3406f8fb79141d578bfdbaa385bdba78aed8bc61c54685a2276e7f172ee58db,5,online,yes,no,60+,Female,yes,Definitely does,Don't know,"No, never",between true and untrue,very untrue,9,left,right,neutral,false,t,1,0
"e017f47ec9a21fdb4b449b9dab91afa05f5101e84cf499d568ceb8288768b3af Mozilla/5.0 (Windows NT 10.0; Win64; x64) AppleWebKit/537.36 (KHTML, like Gecko) Chrome/104.0.0.0 Safari/537.36",cfd7fd1b-b5b1-4de9-8c3f-5b05588772b6,b4ddf1fa1aa4b5153dedae5fc44b21ad6a854dccacd4436742dda1013138dc13,5,f3406f8fb79141d578bfdbaa385bdba78aed8bc61c54685a2276e7f172ee58db,5,online,yes,no,60+,Female,yes,Definitely does,Don't know,"No, never",between true and untrue,very untrue,10,left,left,neutral,true,t,1,0
"68330389d60221ca6efe42a567edf2801230a939bd35c30ffaab4e6124d92cbb Mozilla/5.0 (Windows NT 10.0; Win64; x64) AppleWebKit/537.36 (KHTML, like Gecko) Chrome/104.0.0.0 Safari/537.36",cfd7fd1b-b5b1-4de9-8c3f-5b05588772b6,b4ddf1fa1aa4b5153dedae5fc44b21ad6a854dccacd4436742dda1013138dc13,5,f3406f8fb79141d578bfdbaa385bdba78aed8bc61c54685a2276e7f172ee58db,5,online,yes,no,60+,Female,yes,Definitely does,Don't know,"No, never",between true and untrue,very untrue,11,right,right,erotic,true,t,1,0
"36777c8e6676d967bb38103d4ba2f1402155f4bb035d1007c6e5f7d7467da476 Mozilla/5.0 (Windows NT 10.0; Win64; x64) AppleWebKit/537.36 (KHTML, like Gecko) Chrome/104.0.0.0 Safari/537.36",cfd7fd1b-b5b1-4de9-8c3f-5b05588772b6,b4ddf1fa1aa4b5153dedae5fc44b21ad6a854dccacd4436742dda1013138dc13,5,f3406f8fb79141d578bfdbaa385bdba78aed8bc61c54685a2276e7f172ee58db,5,online,yes,no,60+,Female,yes,Definitely does,Don't know,"No, never",between true and untrue,very untrue,12,left,left,neutral,true,t,1,0
"bd6b5835439e00ccaaa4fcbc1387dbd0b2468864698cf2100c1f7e13b0ff97a3 Mozilla/5.0 (Windows NT 10.0; Win64; x64) AppleWebKit/537.36 (KHTML, like Gecko) Chrome/104.0.0.0 Safari/537.36",cfd7fd1b-b5b1-4de9-8c3f-5b05588772b6,b4ddf1fa1aa4b5153dedae5fc44b21ad6a854dccacd4436742dda1013138dc13,5,f3406f8fb79141d578bfdbaa385bdba78aed8bc61c54685a2276e7f172ee58db,5,online,yes,no,60+,Female,yes,Definitely does,Don't know,"No, never",between true and untrue,very untrue,13,left,left,erotic,true,t,1,0
"71bd2d8c940b418d288b944e0da664db01c19e18e9e17bcf1c5ec2962289cfc1 Mozilla/5.0 (Windows NT 10.0; Win64; x64) AppleWebKit/537.36 (KHTML, like Gecko) Chrome/104.0.0.0 Safari/537.36",cfd7fd1b-b5b1-4de9-8c3f-5b05588772b6,b4ddf1fa1aa4b5153dedae5fc44b21ad6a854dccacd4436742dda1013138dc13,5,f3406f8fb79141d578bfdbaa385bdba78aed8bc61c54685a2276e7f172ee58db,5,online,yes,no,60+,Female,yes,Definitely does,Don't know,"No, never",between true and untrue,very untrue,14,left,left,neutral,true,t,1,0
"9940bd7fb170f605ea2ded95996697ff252bba16bd322cf154bf62d749a9d682 Mozilla/5.0 (Windows NT 10.0; Win64; x64) AppleWebKit/537.36 (KHTML, like Gecko) Chrome/104.0.0.0 Safari/537.36",cfd7fd1b-b5b1-4de9-8c3f-5b05588772b6,b4ddf1fa1aa4b5153dedae5fc44b21ad6a854dccacd4436742dda1013138dc13,5,f3406f8fb79141d578bfdbaa385bdba78aed8bc61c54685a2276e7f172ee58db,5,online,yes,no,60+,Female,yes,Definitely does,Don't know,"No, never",between true and untrue,very untrue,15,right,left,neutral,false,t,1,0
"7dd1cc5e99ccb8620fb0c4f93e242836a0e745a9ed62b955d11049b42d42a60f Mozilla/5.0 (Windows NT 10.0; WOW64) AppleWebKit/537.36 (KHTML, like Gecko) Chrome/104.0.5112.102 Safari/537.36 OPR/90.0.4480.54",0e22b87a-1fb9-4cb0-9872-f87a0d1ded16,b4ddf1fa1aa4b5153dedae5fc44b21ad6a854dccacd4436742dda1013138dc13,5,f3406f8fb79141d578bfdbaa385bdba78aed8bc61c54685a2276e7f172ee58db,5,online,NA,NA,NA,NA,NA,NA,NA,NA,NA,NA,NA,NA,NA,NA,NA,NA,1,0
"43e55a1b986c3755ae0ca9369cedaf735d0ae432b14e97376e2af5932e3d6bba Mozilla/5.0 (Windows NT 10.0; Win64; x64) AppleWebKit/537.36 (KHTML, like Gecko) Chrome/104.0.0.0 Safari/537.36",cfd7fd1b-b5b1-4de9-8c3f-5b05588772b6,b4ddf1fa1aa4b5153dedae5fc44b21ad6a854dccacd4436742dda1013138dc13,5,f3406f8fb79141d578bfdbaa385bdba78aed8bc61c54685a2276e7f172ee58db,5,online,yes,no,60+,Female,yes,Definitely does,Don't know,"No, never",between true and untrue,very untrue,16,left,right,neutral,false,t,1,0
"a653b39c6a31061c4ecb41b0d30fc548248fd03dfabf7fa295216ba22888fc6a Mozilla/5.0 (Windows NT 10.0; Win64; x64) AppleWebKit/537.36 (KHTML, like Gecko) Chrome/104.0.0.0 Safari/537.36",cfd7fd1b-b5b1-4de9-8c3f-5b05588772b6,b4ddf1fa1aa4b5153dedae5fc44b21ad6a854dccacd4436742dda1013138dc13,5,f3406f8fb79141d578bfdbaa385bdba78aed8bc61c54685a2276e7f172ee58db,5,online,yes,no,60+,Female,yes,Definitely does,Don't know,"No, never",between true and untrue,very untrue,17,left,right,neutral,false,t,1,0
"7ec6bae59033dedd85babf48839e3ba449284724710aa1957f1f6f510ac7b107 Mozilla/5.0 (Windows NT 10.0; Win64; x64) AppleWebKit/537.36 (KHTML, like Gecko) Chrome/104.0.0.0 Safari/537.36",cfd7fd1b-b5b1-4de9-8c3f-5b05588772b6,b4ddf1fa1aa4b5153dedae5fc44b21ad6a854dccacd4436742dda1013138dc13,5,f3406f8fb79141d578bfdbaa385bdba78aed8bc61c54685a2276e7f172ee58db,5,online,yes,no,60+,Female,yes,Definitely does,Don't know,"No, never",between true and untrue,very untrue,18,left,right,erotic,false,t,1,0
"12d0390f19780544b4d0429b2d8658d7714a45adae224df01cf701c2251068f0 Mozilla/5.0 (Windows NT 10.0; Win64; x64) AppleWebKit/537.36 (KHTML, like Gecko) Chrome/104.0.0.0 Safari/537.36",cfd7fd1b-b5b1-4de9-8c3f-5b05588772b6,b4ddf1fa1aa4b5153dedae5fc44b21ad6a854dccacd4436742dda1013138dc13,5,f3406f8fb79141d578bfdbaa385bdba78aed8bc61c54685a2276e7f172ee58db,5,online,yes,no,60+,Female,yes,Definitely does,Don't know,"No, never",between true and untrue,very untrue,19,right,right,erotic,true,t,1,0
"b8faf8c110d247d73af9b8ffa83e414c1f38e46866365c3e8ed11f4ee751883d Mozilla/5.0 (Windows NT 10.0; Win64; x64) AppleWebKit/537.36 (KHTML, like Gecko) Chrome/104.0.0.0 Safari/537.36",cfd7fd1b-b5b1-4de9-8c3f-5b05588772b6,b4ddf1fa1aa4b5153dedae5fc44b21ad6a854dccacd4436742dda1013138dc13,5,f3406f8fb79141d578bfdbaa385bdba78aed8bc61c54685a2276e7f172ee58db,5,online,yes,no,60+,Female,yes,Definitely does,Don't know,"No, never",between true and untrue,very untrue,20,right,left,neutral,false,t,1,0
"23bb6439d63878a767f6c12593c98edb867fbeb0c73cc7f523ef6325c69f52bb Mozilla/5.0 (Windows NT 10.0; Win64; x64) AppleWebKit/537.36 (KHTML, like Gecko) Chrome/104.0.0.0 Safari/537.36",cfd7fd1b-b5b1-4de9-8c3f-5b05588772b6,b4ddf1fa1aa4b5153dedae5fc44b21ad6a854dccacd4436742dda1013138dc13,5,f3406f8fb79141d578bfdbaa385bdba78aed8bc61c54685a2276e7f172ee58db,5,online,yes,no,60+,Female,yes,Definitely does,Don't know,"No, never",between true and untrue,very untrue,21,left,left,neutral,true,t,1,0
"1798c4db4daf2b8159cf74db9dbe1fb7dc0d467e7d19ec9b4935efab47930d0d Mozilla/5.0 (Windows NT 10.0; Win64; x64) AppleWebKit/537.36 (KHTML, like Gecko) Chrome/104.0.0.0 Safari/537.36",cfd7fd1b-b5b1-4de9-8c3f-5b05588772b6,b4ddf1fa1aa4b5153dedae5fc44b21ad6a854dccacd4436742dda1013138dc13,5,f3406f8fb79141d578bfdbaa385bdba78aed8bc61c54685a2276e7f172ee58db,5,online,yes,no,60+,Female,yes,Definitely does,Don't know,"No, never",between true and untrue,very untrue,22,right,right,erotic,true,t,1,0
"43e40960cf7212e1d9fc94d5f75102cbf05224a426828135bccd3c386c050ae0 Mozilla/5.0 (Windows NT 10.0; Win64; x64) AppleWebKit/537.36 (KHTML, like Gecko) Chrome/104.0.0.0 Safari/537.36",cfd7fd1b-b5b1-4de9-8c3f-5b05588772b6,b4ddf1fa1aa4b5153dedae5fc44b21ad6a854dccacd4436742dda1013138dc13,5,f3406f8fb79141d578bfdbaa385bdba78aed8bc61c54685a2276e7f172ee58db,5,online,yes,no,60+,Female,yes,Definitely does,Don't know,"No, never",between true and untrue,very untrue,23,left,right,erotic,false,t,1,0
"93b74ce3593f8414a056c4c372891e395050100e58a2f019bf2560b7a9837eac Mozilla/5.0 (Windows NT 10.0; Win64; x64) AppleWebKit/537.36 (KHTML, like Gecko) Chrome/104.0.0.0 Safari/537.36",cfd7fd1b-b5b1-4de9-8c3f-5b05588772b6,b4ddf1fa1aa4b5153dedae5fc44b21ad6a854dccacd4436742dda1013138dc13,5,f3406f8fb79141d578bfdbaa385bdba78aed8bc61c54685a2276e7f172ee58db,5,online,yes,no,60+,Female,yes,Definitely does,Don't know,"No, never",between true and untrue,very untrue,24,right,right,erotic,true,t,1,0
"dc8efccd31c4018d42751a4e53b5d773b638d733ba6ca4f0ddd07d65959985c9 Mozilla/5.0 (Windows NT 10.0; Win64; x64) AppleWebKit/537.36 (KHTML, like Gecko) Chrome/104.0.0.0 Safari/537.36",cfd7fd1b-b5b1-4de9-8c3f-5b05588772b6,b4ddf1fa1aa4b5153dedae5fc44b21ad6a854dccacd4436742dda1013138dc13,5,f3406f8fb79141d578bfdbaa385bdba78aed8bc61c54685a2276e7f172ee58db,5,online,yes,no,60+,Female,yes,Definitely does,Don't know,"No, never",between true and untrue,very untrue,25,right,right,neutral,true,t,1,0
"300e206f1d2ea4d91068e67485dcff4cceb9f61b5ddbb117bfbfbdf1151cd20f Mozilla/5.0 (Windows NT 10.0; Win64; x64) AppleWebKit/537.36 (KHTML, like Gecko) Chrome/104.0.0.0 Safari/537.36",cfd7fd1b-b5b1-4de9-8c3f-5b05588772b6,b4ddf1fa1aa4b5153dedae5fc44b21ad6a854dccacd4436742dda1013138dc13,5,f3406f8fb79141d578bfdbaa385bdba78aed8bc61c54685a2276e7f172ee58db,5,online,yes,no,60+,Female,yes,Definitely does,Don't know,"No, never",between true and untrue,very untrue,26,left,right,erotic,false,t,1,0
"fa3867bbb25f7f026da9468394442fe761b87a131ac85acaac33349cff1f0406 Mozilla/5.0 (Windows NT 10.0; Win64; x64) AppleWebKit/537.36 (KHTML, like Gecko) Chrome/104.0.0.0 Safari/537.36",cfd7fd1b-b5b1-4de9-8c3f-5b05588772b6,b4ddf1fa1aa4b5153dedae5fc44b21ad6a854dccacd4436742dda1013138dc13,5,f3406f8fb79141d578bfdbaa385bdba78aed8bc61c54685a2276e7f172ee58db,5,online,yes,no,60+,Female,yes,Definitely does,Don't know,"No, never",between true and untrue,very untrue,27,right,left,neutral,false,t,1,0
"79dbc3327de7415801f62d9f2e1ff8da87de0939d2a5247e8fea0708c2dd3cc1 Mozilla/5.0 (Windows NT 10.0; Win64; x64) AppleWebKit/537.36 (KHTML, like Gecko) Chrome/104.0.0.0 Safari/537.36",cfd7fd1b-b5b1-4de9-8c3f-5b05588772b6,b4ddf1fa1aa4b5153dedae5fc44b21ad6a854dccacd4436742dda1013138dc13,5,f3406f8fb79141d578bfdbaa385bdba78aed8bc61c54685a2276e7f172ee58db,5,online,yes,no,60+,Female,yes,Definitely does,Don't know,"No, never",between true and untrue,very untrue,28,right,right,erotic,true,t,1,0
"e8738b10c645f178a8272a9691137dc7c756af33b48dee901040bca2cb22d743 Mozilla/5.0 (Windows NT 10.0; Win64; x64) AppleWebKit/537.36 (KHTML, like Gecko) Chrome/104.0.0.0 Safari/537.36",cfd7fd1b-b5b1-4de9-8c3f-5b05588772b6,b4ddf1fa1aa4b5153dedae5fc44b21ad6a854dccacd4436742dda1013138dc13,5,f3406f8fb79141d578bfdbaa385bdba78aed8bc61c54685a2276e7f172ee58db,5,online,yes,no,60+,Female,yes,Definitely does,Don't know,"No, never",between true and untrue,very untrue,29,left,right,neutral,false,t,1,0
"d66822cbafeee32beba3622b5d2d9b6d3c22b7f77c6ca90a760476ffcb83395f Mozilla/5.0 (Windows NT 10.0; Win64; x64) AppleWebKit/537.36 (KHTML, like Gecko) Chrome/104.0.0.0 Safari/537.36",cfd7fd1b-b5b1-4de9-8c3f-5b05588772b6,b4ddf1fa1aa4b5153dedae5fc44b21ad6a854dccacd4436742dda1013138dc13,5,f3406f8fb79141d578bfdbaa385bdba78aed8bc61c54685a2276e7f172ee58db,5,online,yes,no,60+,Female,yes,Definitely does,Don't know,"No, never",between true and untrue,very untrue,30,right,left,erotic,false,t,1,0
"bc8877c227b275073b92695a89adaa069d992c3971da165793e1da02f2796df2 Mozilla/5.0 (Windows NT 10.0; Win64; x64) AppleWebKit/537.36 (KHTML, like Gecko) Chrome/104.0.0.0 Safari/537.36",cfd7fd1b-b5b1-4de9-8c3f-5b05588772b6,b4ddf1fa1aa4b5153dedae5fc44b21ad6a854dccacd4436742dda1013138dc13,5,f3406f8fb79141d578bfdbaa385bdba78aed8bc61c54685a2276e7f172ee58db,5,online,yes,no,60+,Female,yes,Definitely does,Don't know,"No, never",between true and untrue,very untrue,31,left,right,neutral,false,t,1,0
"111c2d090bb0f85c30e1bb04685b7ef0930089ffd9e71952da4ea43e3d563a17 Mozilla/5.0 (Windows NT 10.0; Win64; x64) AppleWebKit/537.36 (KHTML, like Gecko) Chrome/104.0.0.0 Safari/537.36",cfd7fd1b-b5b1-4de9-8c3f-5b05588772b6,b4ddf1fa1aa4b5153dedae5fc44b21ad6a854dccacd4436742dda1013138dc13,5,f3406f8fb79141d578bfdbaa385bdba78aed8bc61c54685a2276e7f172ee58db,5,online,yes,no,60+,Female,yes,Definitely does,Don't know,"No, never",between true and untrue,very untrue,32,right,right,erotic,true,t,1,0
"9b103721b5447d727ed88d4f7f758f3c9d4a0717427bb68c34dd8ef396930485 Mozilla/5.0 (Windows NT 10.0; Win64; x64) AppleWebKit/537.36 (KHTML, like Gecko) Chrome/104.0.0.0 Safari/537.36",cfd7fd1b-b5b1-4de9-8c3f-5b05588772b6,b4ddf1fa1aa4b5153dedae5fc44b21ad6a854dccacd4436742dda1013138dc13,5,f3406f8fb79141d578bfdbaa385bdba78aed8bc61c54685a2276e7f172ee58db,5,online,yes,no,60+,Female,yes,Definitely does,Don't know,"No, never",between true and untrue,very untrue,33,right,right,erotic,true,t,1,0
"a0cd7dbc06ee1fe55277473c9aa9b3f2b81937da40aad8bcc516c9b4e7c9cd12 Mozilla/5.0 (Windows NT 10.0; Win64; x64) AppleWebKit/537.36 (KHTML, like Gecko) Chrome/104.0.0.0 Safari/537.36",cfd7fd1b-b5b1-4de9-8c3f-5b05588772b6,b4ddf1fa1aa4b5153dedae5fc44b21ad6a854dccacd4436742dda1013138dc13,5,f3406f8fb79141d578bfdbaa385bdba78aed8bc61c54685a2276e7f172ee58db,5,online,yes,no,60+,Female,yes,Definitely does,Don't know,"No, never",between true and untrue,very untrue,34,right,left,erotic,false,t,1,0
"ba5c9bca72030f6eaaccb44a0147173b520f5b2af46062ebcc860d74c8a8335b Mozilla/5.0 (Windows NT 10.0; Win64; x64) AppleWebKit/537.36 (KHTML, like Gecko) Chrome/104.0.0.0 Safari/537.36",cfd7fd1b-b5b1-4de9-8c3f-5b05588772b6,b4ddf1fa1aa4b5153dedae5fc44b21ad6a854dccacd4436742dda1013138dc13,5,f3406f8fb79141d578bfdbaa385bdba78aed8bc61c54685a2276e7f172ee58db,5,online,yes,no,60+,Female,yes,Definitely does,Don't know,"No, never",between true and untrue,very untrue,35,left,right,neutral,false,t,1,0
"a19436840907ce8852e9c45f4f3fa1a1a87e593c43a379ffce702ac7d76c7696 Mozilla/5.0 (Windows NT 10.0; Win64; x64) AppleWebKit/537.36 (KHTML, like Gecko) Chrome/104.0.0.0 Safari/537.36",cfd7fd1b-b5b1-4de9-8c3f-5b05588772b6,b4ddf1fa1aa4b5153dedae5fc44b21ad6a854dccacd4436742dda1013138dc13,5,f3406f8fb79141d578bfdbaa385bdba78aed8bc61c54685a2276e7f172ee58db,5,online,yes,no,60+,Female,yes,Definitely does,Don't know,"No, never",between true and untrue,very untrue,36,left,left,erotic,true,t,1,0
"33da7c2f74f44b86d25cd948fb8f4ed586aa14a618228de4a7dd6574be5a620e Mozilla/5.0 (X11; Linux x86_64) AppleWebKit/537.36 (KHTML, like Gecko) Chrome/104.0.0.0 Safari/537.36",9487c777-c983-49ea-9a2b-d6fd897ad82e,b4ddf1fa1aa4b5153dedae5fc44b21ad6a854dccacd4436742dda1013138dc13,5,f3406f8fb79141d578bfdbaa385bdba78aed8bc61c54685a2276e7f172ee58db,5,online,NA,NA,NA,NA,NA,NA,NA,NA,NA,NA,NA,NA,NA,NA,NA,NA,1,0
"a42bdf0afbca32a569e2b14133e43c96c8308d3c511a65ea1ef687e29da35673 Mozilla/5.0 (X11; Linux x86_64) AppleWebKit/537.36 (KHTML, like Gecko) Chrome/104.0.0.0 Safari/537.36",9487c777-c983-49ea-9a2b-d6fd897ad82e,b4ddf1fa1aa4b5153dedae5fc44b21ad6a854dccacd4436742dda1013138dc13,5,f3406f8fb79141d578bfdbaa385bdba78aed8bc61c54685a2276e7f172ee58db,5,online,yes,NA,NA,NA,NA,NA,NA,NA,NA,NA,NA,NA,NA,NA,NA,NA,1,0
"c3fa50e6c68580ab556159d935fa2f9825feecc4e32c4dda93aa986a5ee19aad Mozilla/5.0 (X11; Linux x86_64) AppleWebKit/537.36 (KHTML, like Gecko) Chrome/104.0.0.0 Safari/537.36",9487c777-c983-49ea-9a2b-d6fd897ad82e,b4ddf1fa1aa4b5153dedae5fc44b21ad6a854dccacd4436742dda1013138dc13,5,f3406f8fb79141d578bfdbaa385bdba78aed8bc61c54685a2276e7f172ee58db,5,online,yes,no,18-29,Female,NA,NA,NA,NA,NA,NA,NA,NA,NA,NA,NA,NA,1,0
"2b7e96d0a3780d19b00a468122b9ac684b65df903616cc9c02426319a980ddca Mozilla/5.0 (X11; Linux x86_64) AppleWebKit/537.36 (KHTML, like Gecko) Chrome/104.0.0.0 Safari/537.36",9487c777-c983-49ea-9a2b-d6fd897ad82e,b4ddf1fa1aa4b5153dedae5fc44b21ad6a854dccacd4436742dda1013138dc13,5,f3406f8fb79141d578bfdbaa385bdba78aed8bc61c54685a2276e7f172ee58db,5,online,yes,no,18-29,Female,yes,,,,NA,NA,NA,NA,NA,NA,NA,NA,1,0
"a04198794556fc5d58cca84a9f15c4fd1a83032b130a703e9c35a71d29279456 Mozilla/5.0 (X11; Linux x86_64) AppleWebKit/537.36 (KHTML, like Gecko) Chrome/104.0.0.0 Safari/537.36",9487c777-c983-49ea-9a2b-d6fd897ad82e,b4ddf1fa1aa4b5153dedae5fc44b21ad6a854dccacd4436742dda1013138dc13,5,f3406f8fb79141d578bfdbaa385bdba78aed8bc61c54685a2276e7f172ee58db,5,online,yes,no,18-29,Female,yes,,,,,,NA,NA,NA,NA,NA,NA,1,0
4e8a089c91f235d59531b5ba952c233a7219b3c958f315b41cea0a3549782955 Mozilla/5.0 (Windows NT 10.0; Win64; x64; rv:104.0) Gecko/20100101 Firefox/104.0,1c186a79-ca7f-4169-baf4-d17b41641c95,b4ddf1fa1aa4b5153dedae5fc44b21ad6a854dccacd4436742dda1013138dc13,5,f3406f8fb79141d578bfdbaa385bdba78aed8bc61c54685a2276e7f172ee58db,5,online,NA,NA,NA,NA,NA,NA,NA,NA,NA,NA,NA,NA,NA,NA,NA,NA,1,0
"e05457269acfa44c17bec7fe19d626e2ef227fc0e813f73b46d158dc15d24cfb Mozilla/5.0 (X11; Linux x86_64) AppleWebKit/537.36 (KHTML, like Gecko) Chrome/104.0.0.0 Safari/537.36",06dfc1bf-cf9e-47f9-85af-043f248d5605,b4ddf1fa1aa4b5153dedae5fc44b21ad6a854dccacd4436742dda1013138dc13,5,f3406f8fb79141d578bfdbaa385bdba78aed8bc61c54685a2276e7f172ee58db,5,online,NA,NA,NA,NA,NA,NA,NA,NA,NA,NA,NA,NA,NA,NA,NA,NA,1,0
d8e537b252cfdff12450b0bad3ace97e3b91c68128c606d00dd6e86f0bddf689 Mozilla/5.0 (Windows NT 10.0; Win64; x64; rv:104.0) Gecko/20100101 Firefox/104.0,1c186a79-ca7f-4169-baf4-d17b41641c95,b4ddf1fa1aa4b5153dedae5fc44b21ad6a854dccacd4436742dda1013138dc13,5,f3406f8fb79141d578bfdbaa385bdba78aed8bc61c54685a2276e7f172ee58db,5,online,yes,NA,NA,NA,NA,NA,NA,NA,NA,NA,NA,NA,NA,NA,NA,NA,1,0
"46c7e1dccb3b150778a1f4381ee6ce037d24d75759464541b931ae7d32d3a815 Mozilla/5.0 (X11; Linux x86_64) AppleWebKit/537.36 (KHTML, like Gecko) Chrome/104.0.0.0 Safari/537.36",06dfc1bf-cf9e-47f9-85af-043f248d5605,b4ddf1fa1aa4b5153dedae5fc44b21ad6a854dccacd4436742dda1013138dc13,5,f3406f8fb79141d578bfdbaa385bdba78aed8bc61c54685a2276e7f172ee58db,5,online,yes,NA,NA,NA,NA,NA,NA,NA,NA,NA,NA,NA,NA,NA,NA,NA,1,0
"59ca84dc021af9d60a9baccda4c3b1c9f285f91a120c896372a115a08987c2ba Mozilla/5.0 (X11; Linux x86_64) AppleWebKit/537.36 (KHTML, like Gecko) Chrome/104.0.0.0 Safari/537.36",06dfc1bf-cf9e-47f9-85af-043f248d5605,b4ddf1fa1aa4b5153dedae5fc44b21ad6a854dccacd4436742dda1013138dc13,5,f3406f8fb79141d578bfdbaa385bdba78aed8bc61c54685a2276e7f172ee58db,5,online,yes,no,18-29,Female,NA,NA,NA,NA,NA,NA,NA,NA,NA,NA,NA,NA,1,0
"8057066e2b42df5ce1e02e72e4dce2e9b19b536a7337f79e762c1f1d59ce3720 Mozilla/5.0 (X11; Linux x86_64) AppleWebKit/537.36 (KHTML, like Gecko) Chrome/104.0.0.0 Safari/537.36",06dfc1bf-cf9e-47f9-85af-043f248d5605,b4ddf1fa1aa4b5153dedae5fc44b21ad6a854dccacd4436742dda1013138dc13,5,f3406f8fb79141d578bfdbaa385bdba78aed8bc61c54685a2276e7f172ee58db,5,online,yes,no,18-29,Female,yes,Definitely Does not,Definitely no,"No, never",NA,NA,NA,NA,NA,NA,NA,NA,1,0
"111e28442c6518fe14f584937eab67386a98a1c7b64b473b7f85fa38e5d0f1b2 Mozilla/5.0 (X11; Linux x86_64) AppleWebKit/537.36 (KHTML, like Gecko) Chrome/104.0.0.0 Safari/537.36",06dfc1bf-cf9e-47f9-85af-043f248d5605,b4ddf1fa1aa4b5153dedae5fc44b21ad6a854dccacd4436742dda1013138dc13,5,f3406f8fb79141d578bfdbaa385bdba78aed8bc61c54685a2276e7f172ee58db,5,online,yes,no,18-29,Female,yes,Definitely Does not,Definitely no,"No, never",true,untrue,NA,NA,NA,NA,NA,NA,1,0
"010617633601bc74d7356d6ec06605cb21772c2e7581e079ec7a659971ba6ae1 Mozilla/5.0 (Windows NT 10.0; Win64; x64) AppleWebKit/537.36 (KHTML, like Gecko) Chrome/104.0.0.0 Safari/537.36",fc02255d-8804-419f-aee5-7f2e24d62f2e,b4ddf1fa1aa4b5153dedae5fc44b21ad6a854dccacd4436742dda1013138dc13,5,f3406f8fb79141d578bfdbaa385bdba78aed8bc61c54685a2276e7f172ee58db,5,online,yes,no,60+,Female,yes,Probably does not,Don't know,Occasionally,true,very untrue,1,left,left,erotic,true,t,1,0
"5dfd7b4c6a18c1cad3974650a4c89779e3531251b629143fc81aeeab854fa899 Mozilla/5.0 (Windows NT 10.0; Win64; x64) AppleWebKit/537.36 (KHTML, like Gecko) Chrome/104.0.0.0 Safari/537.36",fc02255d-8804-419f-aee5-7f2e24d62f2e,b4ddf1fa1aa4b5153dedae5fc44b21ad6a854dccacd4436742dda1013138dc13,5,f3406f8fb79141d578bfdbaa385bdba78aed8bc61c54685a2276e7f172ee58db,5,online,yes,no,60+,Female,yes,Probably does not,Don't know,Occasionally,true,very untrue,2,left,left,neutral,true,t,1,0
"08a26181d3da8695a0f604eb6c312a11362147c5256fad6b020c0f6847ec8469 Mozilla/5.0 (Windows NT 10.0; Win64; x64) AppleWebKit/537.36 (KHTML, like Gecko) Chrome/104.0.0.0 Safari/537.36",fc02255d-8804-419f-aee5-7f2e24d62f2e,b4ddf1fa1aa4b5153dedae5fc44b21ad6a854dccacd4436742dda1013138dc13,5,f3406f8fb79141d578bfdbaa385bdba78aed8bc61c54685a2276e7f172ee58db,5,online,yes,no,60+,Female,yes,Probably does not,Don't know,Occasionally,true,very untrue,3,left,left,neutral,true,t,1,0
69213d86881b4b57fbd295cf48a8ccef1e75e53175bbec63ae07d41f2dca0a8b Mozilla/5.0 (Windows NT 10.0; Win64; x64; rv:104.0) Gecko/20100101 Firefox/104.0,1c186a79-ca7f-4169-baf4-d17b41641c95,b4ddf1fa1aa4b5153dedae5fc44b21ad6a854dccacd4436742dda1013138dc13,5,f3406f8fb79141d578bfdbaa385bdba78aed8bc61c54685a2276e7f172ee58db,5,online,yes,no,30-44,Female,NA,NA,NA,NA,NA,NA,NA,NA,NA,NA,NA,NA,1,0
"1042e5428448e38ee2b9fe91f844e13c6ad4e67688c5a33b3f934d503d244bb1 Mozilla/5.0 (Windows NT 10.0; Win64; x64) AppleWebKit/537.36 (KHTML, like Gecko) Chrome/104.0.0.0 Safari/537.36",fc02255d-8804-419f-aee5-7f2e24d62f2e,b4ddf1fa1aa4b5153dedae5fc44b21ad6a854dccacd4436742dda1013138dc13,5,f3406f8fb79141d578bfdbaa385bdba78aed8bc61c54685a2276e7f172ee58db,5,online,yes,no,60+,Female,yes,Probably does not,Don't know,Occasionally,true,very untrue,4,left,left,erotic,true,t,1,0
"af3d56775be660fde15b848662d4baa3b82f0cb82dee3307b8ed5897aaeeeffd Mozilla/5.0 (Windows NT 10.0; Win64; x64) AppleWebKit/537.36 (KHTML, like Gecko) Chrome/104.0.0.0 Safari/537.36",fc02255d-8804-419f-aee5-7f2e24d62f2e,b4ddf1fa1aa4b5153dedae5fc44b21ad6a854dccacd4436742dda1013138dc13,5,f3406f8fb79141d578bfdbaa385bdba78aed8bc61c54685a2276e7f172ee58db,5,online,yes,no,60+,Female,yes,Probably does not,Don't know,Occasionally,true,very untrue,5,right,left,neutral,false,t,1,0
"fbe682616c562323ae059be05325630b18515047ec754fecf23af7f375962bda Mozilla/5.0 (Windows NT 10.0; Win64; x64) AppleWebKit/537.36 (KHTML, like Gecko) Chrome/104.0.0.0 Safari/537.36",fc02255d-8804-419f-aee5-7f2e24d62f2e,b4ddf1fa1aa4b5153dedae5fc44b21ad6a854dccacd4436742dda1013138dc13,5,f3406f8fb79141d578bfdbaa385bdba78aed8bc61c54685a2276e7f172ee58db,5,online,yes,no,60+,Female,yes,Probably does not,Don't know,Occasionally,true,very untrue,6,left,left,erotic,true,t,1,0
1042e5428448e38ee2b9fe91f844e13c6ad4e67688c5a33b3f934d503d244bb1 Mozilla/5.0 (Windows NT 10.0; Win64; x64; rv:104.0) Gecko/20100101 Firefox/104.0,1c186a79-ca7f-4169-baf4-d17b41641c95,b4ddf1fa1aa4b5153dedae5fc44b21ad6a854dccacd4436742dda1013138dc13,5,f3406f8fb79141d578bfdbaa385bdba78aed8bc61c54685a2276e7f172ee58db,5,online,yes,no,30-44,Female,yes,Definitely Does not,Definitely no,"No, never",NA,NA,NA,NA,NA,NA,NA,NA,1,0
"047149f0b14484f87486abb6460f2ebface9c052916991d1779efe35bfb27109 Mozilla/5.0 (Windows NT 10.0; Win64; x64) AppleWebKit/537.36 (KHTML, like Gecko) Chrome/104.0.0.0 Safari/537.36",fc02255d-8804-419f-aee5-7f2e24d62f2e,b4ddf1fa1aa4b5153dedae5fc44b21ad6a854dccacd4436742dda1013138dc13,5,f3406f8fb79141d578bfdbaa385bdba78aed8bc61c54685a2276e7f172ee58db,5,online,yes,no,60+,Female,yes,Probably does not,Don't know,Occasionally,true,very untrue,7,left,right,neutral,false,t,1,0
"193c5fc132fc0f2b37f6d001ce6364acb3e9d36f7e043373bf57b9fd1cef5fac Mozilla/5.0 (Windows NT 10.0; Win64; x64) AppleWebKit/537.36 (KHTML, like Gecko) Chrome/104.0.0.0 Safari/537.36",fc02255d-8804-419f-aee5-7f2e24d62f2e,b4ddf1fa1aa4b5153dedae5fc44b21ad6a854dccacd4436742dda1013138dc13,5,f3406f8fb79141d578bfdbaa385bdba78aed8bc61c54685a2276e7f172ee58db,5,online,yes,no,60+,Female,yes,Probably does not,Don't know,Occasionally,true,very untrue,8,left,right,erotic,false,t,1,0
78b07f5b7d23d2b96c840efcc9f160b82fcb4b76a0abc2676cd4c9baead35618 Mozilla/5.0 (Windows NT 10.0; Win64; x64; rv:104.0) Gecko/20100101 Firefox/104.0,1c186a79-ca7f-4169-baf4-d17b41641c95,b4ddf1fa1aa4b5153dedae5fc44b21ad6a854dccacd4436742dda1013138dc13,5,f3406f8fb79141d578bfdbaa385bdba78aed8bc61c54685a2276e7f172ee58db,5,online,yes,no,30-44,Female,yes,Definitely Does not,Definitely no,"No, never",very untrue,between true and untrue,NA,NA,NA,NA,NA,NA,1,0
"fbda53de42fe3edac212edf0aeefa1b11b64091ea409888be3e884c9f830a290 Mozilla/5.0 (Windows NT 10.0) AppleWebKit/537.36 (KHTML, like Gecko) Chrome/104.0.5112.102 Safari/537.36 Edg/104.0.1293.70",9bc3bf99-7ffa-47cb-961f-3982fce2293e,b4ddf1fa1aa4b5153dedae5fc44b21ad6a854dccacd4436742dda1013138dc13,5,f3406f8fb79141d578bfdbaa385bdba78aed8bc61c54685a2276e7f172ee58db,5,online,NA,NA,NA,NA,NA,NA,NA,NA,NA,NA,NA,NA,NA,NA,NA,NA,1,0
"42c9110a880f952b9404f7f1b8e8ebdf67f25a22380af389915152db77d7b786 Mozilla/5.0 (Windows NT 10.0; Win64; x64) AppleWebKit/537.36 (KHTML, like Gecko) Chrome/104.0.0.0 Safari/537.36",fc02255d-8804-419f-aee5-7f2e24d62f2e,b4ddf1fa1aa4b5153dedae5fc44b21ad6a854dccacd4436742dda1013138dc13,5,f3406f8fb79141d578bfdbaa385bdba78aed8bc61c54685a2276e7f172ee58db,5,online,yes,no,60+,Female,yes,Probably does not,Don't know,Occasionally,true,very untrue,9,right,right,erotic,true,t,1,0
"552b4da4ee15d8535d68c094a08d4361931c6955431ed1283488b10e34013308 Mozilla/5.0 (Windows NT 10.0; Win64; x64) AppleWebKit/537.36 (KHTML, like Gecko) Chrome/104.0.0.0 Safari/537.36",fc02255d-8804-419f-aee5-7f2e24d62f2e,b4ddf1fa1aa4b5153dedae5fc44b21ad6a854dccacd4436742dda1013138dc13,5,f3406f8fb79141d578bfdbaa385bdba78aed8bc61c54685a2276e7f172ee58db,5,online,yes,no,60+,Female,yes,Probably does not,Don't know,Occasionally,true,very untrue,10,right,right,neutral,true,t,1,0
"6ed1982a6907d6f472157d0f0242a27817e73ee939cca28577b8e9c37e2c56ca Mozilla/5.0 (Windows NT 10.0; Win64; x64) AppleWebKit/537.36 (KHTML, like Gecko) Chrome/104.0.0.0 Safari/537.36",fc02255d-8804-419f-aee5-7f2e24d62f2e,b4ddf1fa1aa4b5153dedae5fc44b21ad6a854dccacd4436742dda1013138dc13,5,f3406f8fb79141d578bfdbaa385bdba78aed8bc61c54685a2276e7f172ee58db,5,online,yes,no,60+,Female,yes,Probably does not,Don't know,Occasionally,true,very untrue,11,right,left,erotic,false,t,1,0
"f75949cf9fdb5b273ace22dcc506226a63270518c2f70b23e1550955d08f9117 Mozilla/5.0 (Windows NT 10.0; Win64; x64) AppleWebKit/537.36 (KHTML, like Gecko) Chrome/104.0.0.0 Safari/537.36",fc02255d-8804-419f-aee5-7f2e24d62f2e,b4ddf1fa1aa4b5153dedae5fc44b21ad6a854dccacd4436742dda1013138dc13,5,f3406f8fb79141d578bfdbaa385bdba78aed8bc61c54685a2276e7f172ee58db,5,online,yes,no,60+,Female,yes,Probably does not,Don't know,Occasionally,true,very untrue,12,left,left,neutral,true,t,1,0
"4d26ec9cc11042a4d172c54f83fa8effef1a0e347529f96f544858ed946aa867 Mozilla/5.0 (Windows NT 10.0; Win64; x64) AppleWebKit/537.36 (KHTML, like Gecko) Chrome/104.0.0.0 Safari/537.36",fc02255d-8804-419f-aee5-7f2e24d62f2e,b4ddf1fa1aa4b5153dedae5fc44b21ad6a854dccacd4436742dda1013138dc13,5,f3406f8fb79141d578bfdbaa385bdba78aed8bc61c54685a2276e7f172ee58db,5,online,yes,no,60+,Female,yes,Probably does not,Don't know,Occasionally,true,very untrue,13,right,left,neutral,false,t,1,0
"0f376fd3a7169c112cc32867d66b927b60ebe62e8b782e7507dd1666a408dd4f Mozilla/5.0 (Windows NT 10.0; Win64; x64) AppleWebKit/537.36 (KHTML, like Gecko) Chrome/104.0.0.0 Safari/537.36",fc02255d-8804-419f-aee5-7f2e24d62f2e,b4ddf1fa1aa4b5153dedae5fc44b21ad6a854dccacd4436742dda1013138dc13,5,f3406f8fb79141d578bfdbaa385bdba78aed8bc61c54685a2276e7f172ee58db,5,online,yes,no,60+,Female,yes,Probably does not,Don't know,Occasionally,true,very untrue,14,left,right,neutral,false,t,1,0
"5a53e4bcdbdff985b977c0d6a72d55100b8c39fdd232ac905fd2927f44025df4 Mozilla/5.0 (Windows NT 10.0) AppleWebKit/537.36 (KHTML, like Gecko) Chrome/104.0.5112.102 Safari/537.36 Edg/104.0.1293.70",8e1152e6-d1d1-41fa-964a-da03fad5f0a1,b4ddf1fa1aa4b5153dedae5fc44b21ad6a854dccacd4436742dda1013138dc13,5,f3406f8fb79141d578bfdbaa385bdba78aed8bc61c54685a2276e7f172ee58db,5,online,NA,NA,NA,NA,NA,NA,NA,NA,NA,NA,NA,NA,NA,NA,NA,NA,1,0
"5bd8955b51ee23292847276151d0b68d63ade797f6f07a9a7dc101835d169ac7 Mozilla/5.0 (Windows NT 10.0; Win64; x64) AppleWebKit/537.36 (KHTML, like Gecko) Chrome/104.0.0.0 Safari/537.36",fc02255d-8804-419f-aee5-7f2e24d62f2e,b4ddf1fa1aa4b5153dedae5fc44b21ad6a854dccacd4436742dda1013138dc13,5,f3406f8fb79141d578bfdbaa385bdba78aed8bc61c54685a2276e7f172ee58db,5,online,yes,no,60+,Female,yes,Probably does not,Don't know,Occasionally,true,very untrue,15,right,left,erotic,false,t,1,0
"bc730f5a82d78085903198f4d93176ca9b4110f0be111a30f17600c561c5883b Mozilla/5.0 (Windows NT 10.0; Win64; x64) AppleWebKit/537.36 (KHTML, like Gecko) Chrome/104.0.0.0 Safari/537.36",fc02255d-8804-419f-aee5-7f2e24d62f2e,b4ddf1fa1aa4b5153dedae5fc44b21ad6a854dccacd4436742dda1013138dc13,5,f3406f8fb79141d578bfdbaa385bdba78aed8bc61c54685a2276e7f172ee58db,5,online,yes,no,60+,Female,yes,Probably does not,Don't know,Occasionally,true,very untrue,16,left,right,neutral,false,t,1,0
"c8896c7385f576700c4358f866d27125593f7985bbb669da72e0d960d4004fbe Mozilla/5.0 (Windows NT 10.0; Win64; x64) AppleWebKit/537.36 (KHTML, like Gecko) Chrome/104.0.0.0 Safari/537.36",fc02255d-8804-419f-aee5-7f2e24d62f2e,b4ddf1fa1aa4b5153dedae5fc44b21ad6a854dccacd4436742dda1013138dc13,5,f3406f8fb79141d578bfdbaa385bdba78aed8bc61c54685a2276e7f172ee58db,5,online,yes,no,60+,Female,yes,Probably does not,Don't know,Occasionally,true,very untrue,17,left,right,erotic,false,t,1,0
"b942da8b1d76b5f752595ad6a0fcd2de121de75415fe0057f9903d50f984d24a Mozilla/5.0 (Windows NT 10.0; Win64; x64) AppleWebKit/537.36 (KHTML, like Gecko) Chrome/104.0.0.0 Safari/537.36",fc02255d-8804-419f-aee5-7f2e24d62f2e,b4ddf1fa1aa4b5153dedae5fc44b21ad6a854dccacd4436742dda1013138dc13,5,f3406f8fb79141d578bfdbaa385bdba78aed8bc61c54685a2276e7f172ee58db,5,online,yes,no,60+,Female,yes,Probably does not,Don't know,Occasionally,true,very untrue,18,right,left,neutral,false,t,1,0
"d47e54417dd58dacc3c79777e59002d1a55a85b20212d4a21ccd6f002352743c Mozilla/5.0 (Windows NT 10.0; Win64; x64) AppleWebKit/537.36 (KHTML, like Gecko) Chrome/104.0.0.0 Safari/537.36",fc02255d-8804-419f-aee5-7f2e24d62f2e,b4ddf1fa1aa4b5153dedae5fc44b21ad6a854dccacd4436742dda1013138dc13,5,f3406f8fb79141d578bfdbaa385bdba78aed8bc61c54685a2276e7f172ee58db,5,online,yes,no,60+,Female,yes,Probably does not,Don't know,Occasionally,true,very untrue,19,left,left,erotic,true,t,1,0
"855c5c989cc097465068c357a058bb8c40e19fe00251d0d1150c841514f241cb Mozilla/5.0 (Windows NT 10.0; Win64; x64) AppleWebKit/537.36 (KHTML, like Gecko) Chrome/104.0.0.0 Safari/537.36",fc02255d-8804-419f-aee5-7f2e24d62f2e,b4ddf1fa1aa4b5153dedae5fc44b21ad6a854dccacd4436742dda1013138dc13,5,f3406f8fb79141d578bfdbaa385bdba78aed8bc61c54685a2276e7f172ee58db,5,online,yes,no,60+,Female,yes,Probably does not,Don't know,Occasionally,true,very untrue,20,left,right,neutral,false,t,1,0
f70696e87296555a6b5852a963bd0a1f7205ce1dacc8d20ef453ef446ae4fcf8 Mozilla/5.0 (Windows NT 10.0; Win64; x64; rv:104.0) Gecko/20100101 Firefox/104.0,ae4489bc-7ab1-4700-bfc4-36ca3da3265f,b4ddf1fa1aa4b5153dedae5fc44b21ad6a854dccacd4436742dda1013138dc13,5,f3406f8fb79141d578bfdbaa385bdba78aed8bc61c54685a2276e7f172ee58db,5,online,NA,NA,NA,NA,NA,NA,NA,NA,NA,NA,NA,NA,NA,NA,NA,NA,1,0
b942da8b1d76b5f752595ad6a0fcd2de121de75415fe0057f9903d50f984d24a Mozilla/5.0 (Windows NT 10.0; Win64; x64; rv:104.0) Gecko/20100101 Firefox/104.0,ae4489bc-7ab1-4700-bfc4-36ca3da3265f,b4ddf1fa1aa4b5153dedae5fc44b21ad6a854dccacd4436742dda1013138dc13,5,f3406f8fb79141d578bfdbaa385bdba78aed8bc61c54685a2276e7f172ee58db,5,online,no,NA,NA,NA,NA,NA,NA,NA,NA,NA,NA,NA,NA,NA,NA,NA,1,0
"6fd1e5961b36482a70d2d5b5b303e31224721ebecf0a6b602abdbc551149f803 Mozilla/5.0 (Windows NT 10.0; Win64; x64) AppleWebKit/537.36 (KHTML, like Gecko) Chrome/104.0.0.0 Safari/537.36",fc02255d-8804-419f-aee5-7f2e24d62f2e,b4ddf1fa1aa4b5153dedae5fc44b21ad6a854dccacd4436742dda1013138dc13,5,f3406f8fb79141d578bfdbaa385bdba78aed8bc61c54685a2276e7f172ee58db,5,online,yes,no,60+,Female,yes,Probably does not,Don't know,Occasionally,true,very untrue,21,left,left,erotic,true,t,1,0
"4212698b43af52210377c58e340bbfa5babc4ad2c733c84ef54ab4ca74075380 Mozilla/5.0 (Windows NT 10.0; Win64; x64) AppleWebKit/537.36 (KHTML, like Gecko) Chrome/104.0.0.0 Safari/537.36",fc02255d-8804-419f-aee5-7f2e24d62f2e,b4ddf1fa1aa4b5153dedae5fc44b21ad6a854dccacd4436742dda1013138dc13,5,f3406f8fb79141d578bfdbaa385bdba78aed8bc61c54685a2276e7f172ee58db,5,online,yes,no,60+,Female,yes,Probably does not,Don't know,Occasionally,true,very untrue,22,left,left,neutral,true,t,1,0
"bf5457688d57f639f0320839c71f592acc82a67cf1308ea89f6859d99579635c Mozilla/5.0 (Windows NT 10.0; Win64; x64) AppleWebKit/537.36 (KHTML, like Gecko) Chrome/104.0.0.0 Safari/537.36",fc02255d-8804-419f-aee5-7f2e24d62f2e,b4ddf1fa1aa4b5153dedae5fc44b21ad6a854dccacd4436742dda1013138dc13,5,f3406f8fb79141d578bfdbaa385bdba78aed8bc61c54685a2276e7f172ee58db,5,online,yes,no,60+,Female,yes,Probably does not,Don't know,Occasionally,true,very untrue,23,left,right,neutral,false,t,1,0
"72b55182156d4c6500704b648e563f05ca3ace082fc2b7232c60bfa1ff4d3adf Mozilla/5.0 (Windows NT 10.0; Win64; x64) AppleWebKit/537.36 (KHTML, like Gecko) Chrome/104.0.0.0 Safari/537.36",fc02255d-8804-419f-aee5-7f2e24d62f2e,b4ddf1fa1aa4b5153dedae5fc44b21ad6a854dccacd4436742dda1013138dc13,5,f3406f8fb79141d578bfdbaa385bdba78aed8bc61c54685a2276e7f172ee58db,5,online,yes,no,60+,Female,yes,Probably does not,Don't know,Occasionally,true,very untrue,24,left,left,neutral,true,t,1,0
"d79a0dbdbb0f39756f2382c32eb472bebd84eb5e405a0a65e95b5b8905cbaf4b Mozilla/5.0 (Windows NT 10.0; Win64; x64) AppleWebKit/537.36 (KHTML, like Gecko) Chrome/104.0.0.0 Safari/537.36",fc02255d-8804-419f-aee5-7f2e24d62f2e,b4ddf1fa1aa4b5153dedae5fc44b21ad6a854dccacd4436742dda1013138dc13,5,f3406f8fb79141d578bfdbaa385bdba78aed8bc61c54685a2276e7f172ee58db,5,online,yes,no,60+,Female,yes,Probably does not,Don't know,Occasionally,true,very untrue,25,right,left,erotic,false,t,1,0
"79e6e6ae69eac1b2346919985cdb26ac140dc680262be872c9ec780049a3e9e4 Mozilla/5.0 (Windows NT 10.0; Win64; x64) AppleWebKit/537.36 (KHTML, like Gecko) Chrome/104.0.0.0 Safari/537.36",fc02255d-8804-419f-aee5-7f2e24d62f2e,b4ddf1fa1aa4b5153dedae5fc44b21ad6a854dccacd4436742dda1013138dc13,5,f3406f8fb79141d578bfdbaa385bdba78aed8bc61c54685a2276e7f172ee58db,5,online,yes,no,60+,Female,yes,Probably does not,Don't know,Occasionally,true,very untrue,26,left,left,erotic,true,t,1,0
"06795b608a0ab8128ba1bdab1aa55d78150cd13c6186e83915266b65498b9d68 Mozilla/5.0 (Windows NT 10.0; Win64; x64) AppleWebKit/537.36 (KHTML, like Gecko) Chrome/104.0.0.0 Safari/537.36",fc02255d-8804-419f-aee5-7f2e24d62f2e,b4ddf1fa1aa4b5153dedae5fc44b21ad6a854dccacd4436742dda1013138dc13,5,f3406f8fb79141d578bfdbaa385bdba78aed8bc61c54685a2276e7f172ee58db,5,online,yes,no,60+,Female,yes,Probably does not,Don't know,Occasionally,true,very untrue,27,left,right,erotic,false,t,1,0
"8f9311dec7f090cf737541e9fb0fb51052e5f344cb13751ceba12c528d10b90e Mozilla/5.0 (Windows NT 10.0; Win64; x64) AppleWebKit/537.36 (KHTML, like Gecko) Chrome/104.0.0.0 Safari/537.36",fc02255d-8804-419f-aee5-7f2e24d62f2e,b4ddf1fa1aa4b5153dedae5fc44b21ad6a854dccacd4436742dda1013138dc13,5,f3406f8fb79141d578bfdbaa385bdba78aed8bc61c54685a2276e7f172ee58db,5,online,yes,no,60+,Female,yes,Probably does not,Don't know,Occasionally,true,very untrue,28,left,left,erotic,true,t,1,0
"7dbad136b8019a1b06ea71d3257032fdd33398233b67db33acde811d553dbe48 Mozilla/5.0 (Windows NT 10.0; Win64; x64) AppleWebKit/537.36 (KHTML, like Gecko) Chrome/104.0.0.0 Safari/537.36",fc02255d-8804-419f-aee5-7f2e24d62f2e,b4ddf1fa1aa4b5153dedae5fc44b21ad6a854dccacd4436742dda1013138dc13,5,f3406f8fb79141d578bfdbaa385bdba78aed8bc61c54685a2276e7f172ee58db,5,online,yes,no,60+,Female,yes,Probably does not,Don't know,Occasionally,true,very untrue,29,left,right,neutral,false,t,1,0
"caa5237fc4d010898a910a38cc5d57374e6fb42f14f09d420ca409a86adf97da Mozilla/5.0 (Windows NT 10.0; Win64; x64) AppleWebKit/537.36 (KHTML, like Gecko) Chrome/104.0.0.0 Safari/537.36",fc02255d-8804-419f-aee5-7f2e24d62f2e,b4ddf1fa1aa4b5153dedae5fc44b21ad6a854dccacd4436742dda1013138dc13,5,f3406f8fb79141d578bfdbaa385bdba78aed8bc61c54685a2276e7f172ee58db,5,online,yes,no,60+,Female,yes,Probably does not,Don't know,Occasionally,true,very untrue,30,left,left,erotic,true,t,1,0
b4311a1449dd3e39b14e99e460293a639e640da2d036d3925f0fb920145996a2 Mozilla/5.0 (Windows NT 10.0; Win64; x64; rv:104.0) Gecko/20100101 Firefox/104.0,b217f205-d8be-4862-84d0-2aeb9ce8bf46,b4ddf1fa1aa4b5153dedae5fc44b21ad6a854dccacd4436742dda1013138dc13,5,f3406f8fb79141d578bfdbaa385bdba78aed8bc61c54685a2276e7f172ee58db,5,online,NA,NA,NA,NA,NA,NA,NA,NA,NA,NA,NA,NA,NA,NA,NA,NA,1,0
"78fac39cab4261fb0e74d72603ada3e05bc6f346473071fff38f0f0196d2c84c Mozilla/5.0 (Windows NT 10.0; Win64; x64) AppleWebKit/537.36 (KHTML, like Gecko) Chrome/104.0.0.0 Safari/537.36",fc02255d-8804-419f-aee5-7f2e24d62f2e,b4ddf1fa1aa4b5153dedae5fc44b21ad6a854dccacd4436742dda1013138dc13,5,f3406f8fb79141d578bfdbaa385bdba78aed8bc61c54685a2276e7f172ee58db,5,online,yes,no,60+,Female,yes,Probably does not,Don't know,Occasionally,true,very untrue,31,left,right,erotic,false,t,1,0
"431cabf5c0150f3bb48037e9aaa21a462d967e8cbe5b1735f774d14f17a0c610 Mozilla/5.0 (Windows NT 10.0; Win64; x64) AppleWebKit/537.36 (KHTML, like Gecko) Chrome/104.0.0.0 Safari/537.36",fc02255d-8804-419f-aee5-7f2e24d62f2e,b4ddf1fa1aa4b5153dedae5fc44b21ad6a854dccacd4436742dda1013138dc13,5,f3406f8fb79141d578bfdbaa385bdba78aed8bc61c54685a2276e7f172ee58db,5,online,yes,no,60+,Female,yes,Probably does not,Don't know,Occasionally,true,very untrue,32,left,left,neutral,true,t,1,0
"ed0d433b710d8c6c26eac4e7642b66ad01df7c42d11ef12d85f1809ca08f0102 Mozilla/5.0 (Windows NT 10.0; Win64; x64) AppleWebKit/537.36 (KHTML, like Gecko) Chrome/104.0.0.0 Safari/537.36",fc02255d-8804-419f-aee5-7f2e24d62f2e,b4ddf1fa1aa4b5153dedae5fc44b21ad6a854dccacd4436742dda1013138dc13,5,f3406f8fb79141d578bfdbaa385bdba78aed8bc61c54685a2276e7f172ee58db,5,online,yes,no,60+,Female,yes,Probably does not,Don't know,Occasionally,true,very untrue,33,left,left,neutral,true,t,1,0
89614bfa079755ae3d5e043e89018a457b00e604cb951e2f4ce0929ba8415cff Mozilla/5.0 (Windows NT 10.0; Win64; x64; rv:104.0) Gecko/20100101 Firefox/104.0,b217f205-d8be-4862-84d0-2aeb9ce8bf46,b4ddf1fa1aa4b5153dedae5fc44b21ad6a854dccacd4436742dda1013138dc13,5,f3406f8fb79141d578bfdbaa385bdba78aed8bc61c54685a2276e7f172ee58db,5,online,yes,NA,NA,NA,NA,NA,NA,NA,NA,NA,NA,NA,NA,NA,NA,NA,1,0
f79bfe478aecb1bcde9a6a888d9694533d1589a1c6b5ee32d6bbe171067e45bf Mozilla/5.0 (Windows NT 10.0; Win64; x64; rv:104.0) Gecko/20100101 Firefox/104.0,b217f205-d8be-4862-84d0-2aeb9ce8bf46,b4ddf1fa1aa4b5153dedae5fc44b21ad6a854dccacd4436742dda1013138dc13,5,f3406f8fb79141d578bfdbaa385bdba78aed8bc61c54685a2276e7f172ee58db,5,online,yes,no,60+,Male,NA,NA,NA,NA,NA,NA,NA,NA,NA,NA,NA,NA,1,0
"f7fb2a892796715520db30d5789269dc36237964d4c507c521a5844fd56a8dbf Mozilla/5.0 (Windows NT 10.0; Win64; x64) AppleWebKit/537.36 (KHTML, like Gecko) Chrome/104.0.0.0 Safari/537.36",fc02255d-8804-419f-aee5-7f2e24d62f2e,b4ddf1fa1aa4b5153dedae5fc44b21ad6a854dccacd4436742dda1013138dc13,5,f3406f8fb79141d578bfdbaa385bdba78aed8bc61c54685a2276e7f172ee58db,5,online,yes,no,60+,Female,yes,Probably does not,Don't know,Occasionally,true,very untrue,34,left,left,erotic,true,t,1,0
"a700c8c6913c8dff6d560bdffadcb804bcda37776be23bdc5689f43c076d0f7c Mozilla/5.0 (Windows NT 10.0; Win64; x64) AppleWebKit/537.36 (KHTML, like Gecko) Chrome/104.0.0.0 Safari/537.36",fc02255d-8804-419f-aee5-7f2e24d62f2e,b4ddf1fa1aa4b5153dedae5fc44b21ad6a854dccacd4436742dda1013138dc13,5,f3406f8fb79141d578bfdbaa385bdba78aed8bc61c54685a2276e7f172ee58db,5,online,yes,no,60+,Female,yes,Probably does not,Don't know,Occasionally,true,very untrue,35,left,left,erotic,true,t,1,0
"fc53217c73357112fb08a08ab57e6aba2ba34b6eba1d0dfbbb374d7f42effb52 Mozilla/5.0 (Windows NT 10.0; Win64; x64) AppleWebKit/537.36 (KHTML, like Gecko) Chrome/104.0.0.0 Safari/537.36",fc02255d-8804-419f-aee5-7f2e24d62f2e,b4ddf1fa1aa4b5153dedae5fc44b21ad6a854dccacd4436742dda1013138dc13,5,f3406f8fb79141d578bfdbaa385bdba78aed8bc61c54685a2276e7f172ee58db,5,online,yes,no,60+,Female,yes,Probably does not,Don't know,Occasionally,true,very untrue,36,left,right,neutral,false,t,1,0
